flow_id,sport,dport,proto,sttl,dttl,ct_state_ttl,sload,dload,sbytes,dbytes,smean,dmean,rate,dur,num_packets,label
3316,54321.0,54321.0,tcp,64.0,64.0,1,1942.37,16792.1,5022,43416,5.59866,48.4013,43.3668,20.684003,897,1
3365,54322.0,54322.0,tcp,64.0,64.0,1,1948.65,16915.1,5238,45468,5.57827,48.4217,43.6661,21.504088,939,1
